,0
0,https://jolse.com/category/skincare/1018?page=1
1,https://jolse.com/category/skincare/1018?page=2
2,https://jolse.com/category/skincare/1018?page=3
3,https://jolse.com/category/skincare/1018?page=4
4,https://jolse.com/category/skincare/1018?page=5
5,https://jolse.com/category/skincare/1018?page=6
6,https://jolse.com/category/skincare/1018?page=7
7,https://jolse.com/category/skincare/1018?page=8
8,https://jolse.com/category/skincare/1018?page=9
9,https://jolse.com/category/skincare/1018?page=10
10,https://jolse.com/category/skincare/1018?page=11
11,https://jolse.com/category/skincare/1018?page=12
12,https://jolse.com/category/skincare/1018?page=13
13,https://jolse.com/category/skincare/1018?page=14
14,https://jolse.com/category/skincare/1018?page=15
15,https://jolse.com/category/skincare/1018?page=16
16,https://jolse.com/category/skincare/1018?page=17
17,https://jolse.com/category/skincare/1018?page=18
18,https://jolse.com/category/skincare/1018?page=19
19,https://jolse.com/category/skincare/1018?page=20
20,https://jolse.com/category/skincare/1018?page=21
21,https://jolse.com/category/skincare/1018?page=22
22,https://jolse.com/category/skincare/1018?page=23
23,https://jolse.com/category/skincare/1018?page=24
24,https://jolse.com/category/skincare/1018?page=25
25,https://jolse.com/category/skincare/1018?page=26
26,https://jolse.com/category/skincare/1018?page=27
27,https://jolse.com/category/skincare/1018?page=28
28,https://jolse.com/category/skincare/1018?page=29
29,https://jolse.com/category/skincare/1018?page=30
30,https://jolse.com/category/skincare/1018?page=31
31,https://jolse.com/category/skincare/1018?page=32
32,https://jolse.com/category/skincare/1018?page=33
33,https://jolse.com/category/skincare/1018?page=34
34,https://jolse.com/category/skincare/1018?page=35
35,https://jolse.com/category/skincare/1018?page=36
36,https://jolse.com/category/skincare/1018?page=37
37,https://jolse.com/category/skincare/1018?page=38
38,https://jolse.com/category/skincare/1018?page=39
39,https://jolse.com/category/skincare/1018?page=40
40,https://jolse.com/category/skincare/1018?page=41
41,https://jolse.com/category/skincare/1018?page=42
42,https://jolse.com/category/skincare/1018?page=43
43,https://jolse.com/category/skincare/1018?page=44
44,https://jolse.com/category/skincare/1018?page=45
45,https://jolse.com/category/skincare/1018?page=46
46,https://jolse.com/category/skincare/1018?page=47
47,https://jolse.com/category/skincare/1018?page=48
48,https://jolse.com/category/skincare/1018?page=49
49,https://jolse.com/category/skincare/1018?page=50
50,https://jolse.com/category/skincare/1018?page=51
51,https://jolse.com/category/skincare/1018?page=52
52,https://jolse.com/category/skincare/1018?page=53
53,https://jolse.com/category/skincare/1018?page=54
54,https://jolse.com/category/skincare/1018?page=55
55,https://jolse.com/category/skincare/1018?page=56
56,https://jolse.com/category/skincare/1018?page=57
57,https://jolse.com/category/skincare/1018?page=58
58,https://jolse.com/category/skincare/1018?page=59
59,https://jolse.com/category/skincare/1018?page=60
60,https://jolse.com/category/skincare/1018?page=61
61,https://jolse.com/category/skincare/1018?page=62
62,https://jolse.com/category/skincare/1018?page=63
63,https://jolse.com/category/skincare/1018?page=64
64,https://jolse.com/category/skincare/1018?page=65
65,https://jolse.com/category/skincare/1018?page=66
66,https://jolse.com/category/skincare/1018?page=67
67,https://jolse.com/category/skincare/1018?page=68
68,https://jolse.com/category/skincare/1018?page=69
69,https://jolse.com/category/skincare/1018?page=70
70,https://jolse.com/category/skincare/1018?page=71
71,https://jolse.com/category/skincare/1018?page=72
72,https://jolse.com/category/skincare/1018?page=73
73,https://jolse.com/category/skincare/1018?page=74
74,https://jolse.com/category/skincare/1018?page=75
75,https://jolse.com/category/skincare/1018?page=76
76,https://jolse.com/category/skincare/1018?page=77
77,https://jolse.com/category/skincare/1018?page=78
78,https://jolse.com/category/skincare/1018?page=79
